,City,URL,club_name,State
0,Birmingham,http://www.lapidaryclub.com/,Alabama Mineral & Lapidary Society,Alabama
1,Dothan,http://www.wiregrassrockhounds.com/,Dothan Gem & Mineral Club,Alabama
2,Huntsville,http://huntsvillegms.org/,Huntsville Gem and Mineral Society,Alabama
3,Mobile,http://www.mobilerockandgem.com/,Mobile Rock & Gem Society,Alabama
4,Montgomery,http://montgomerygemandmineralsociety.com/mgms/,Montgomery Gem & Mineral Society,Alabama
5,Anchorage,http://www.chugachgemandmineralsociety.com/,Chugach Gem & Mineral Society,Alaska
6,Palmer,http://matsurockclub.com/,Mat-Su Rock and Mineral Club,Alaska
7,Apache Junction,http://www.ajrockclub.com/,Apache Junction Rock and Gem Club,Arizona
8,Black Canyon City,http://www.bccrockclub.mysite.com/,Black Canyon City Rock Club,Arizona
9,Anthem,http://www.dmrmc.com/,Daisy Mountain Rock & Mineral Club,Arizona
10,Miami,http://gilagem.org/,Gila County Gem & Mineral Society,Arizona
11,Sierra Vista,http://www.huachucamineralandgemclub.info/,Huachuca Mineral and Gem Club,Arizona
12,Lake Havasu City,http://www.lakehavasugms.org/,Lake Havasu Gem & Mineral Society,Arizona
13,Scottsdale,http://www.msaaz.org/,Mineralogical Society of Arizona,Arizona
14,Cottonwood,http://www.mingusclub.org/,Mingus Gem & Mineral Club,Arizona
15,Kingman,http://www.gemstoners.org/,Mohave County Gemstoners,Arizona
16,Tucson,http://www.lapidaryclub.org/,Old Pueblo Lapidary Club,Arizona
17,Prescott Valley,http://www.prescottgemmineral.org/,Prescott Gem & Mineral Club,Arizona
18,Quartzsite,http://www.qrgmc.org/,Quartzsite Roadrunners Gem & Mineral Club,Arizona
19,Phoenix,http://rockhounds.scwclubs.com/,Rockhounds West,Arizona
20,Sedona,http://www.sedonagemandmineral.org/,Sedona Gem & Mineral Club,Arizona
21,Bullhead City,http://scrrc.blogspot.com/,Silvery Colorado River Rock Club,Arizona
22,Pearce,https://sites.google.com/site/cochisecountyrock/,Sunsites Gem and Mineral Club,Arizona
23,Tucson,http://www.tgms.org/,Tucson Gem and Mineral Society,Arizona
24,Cottonwood,http://www.verderiverrockhounds.com/,Verde River Rockhounds,Arizona
25,Buckeye,http://www.westvalleyrockandmineralclub.com/,West Valley Rock & Mineral Club,Arizona
26,Show Low,http://whitemountain-azrockclub.org/,White Mountain Gem & Mineral Club,Arizona
27,Wickenburg,http://www.wickenburggms.org/,Wickenburg Gem and Mineral Society,Arizona
28,Little Rock,http://www.centralarrockhound.org/,"Central Arkansas Gem, Mineral and Geology Society",Arkansas
29,Siloam Springs,http://www.nwarockhounds.org/,Northwest Arkansas Gem & Mineral Society,Arkansas
30,Mountain Home,https://www.ozarkearthscience.com/,"Ozark Earth Science Gem, Mineral & Fossil Club",Arkansas
31,Sutter Creek,http://www.amadorgemandmineral.org/,Amador County Gem & Mineral Society,California
32,Anaheim,http://www.opalsociety.org/,American Opal Society,California
33,Lancaster,http://avgem.weebly.com/,Antelope Valley Gem and Mineral Club,California
34,Antioch,http://www.antiochlapidaryclub.com/,Antioch Lapidary Club,California
35,Borrego Springs,http://www.abdnha.org/bragclub.html,Borrego Rock and Gem Club,California
36,Angels Camp,http://www.calaverasgemandmineral.org/,Calaveras Gem & Mineral Society,California
37,Pacific Grove,http://www.cvgms.rocks/,Carmel Valley Gem and Mineral Society,California
38,San Luis Obispo,http://www.cctha.org/,Central Coast Treasure Hunters Association,California
39,Coalinga,https://sites.google.com/site/coalingarockhounds/,Coalinga Rockhound Society,California
40,Thousand Oaks,http://www.cgamc.org/,Conejo Gem & Mineral Club,California
41,Concord,http://www.ccmgs.org/,Contra Costa Mineral & Gem Society,California
42,Culver City,http://culvercityrocks.org/,The Culver City Rock and Mineral Club,California
43,Northridge,http://delairrockhounds.blogspot.com/,Del Air Rockhounds Club,California
44,Bellflower,https://delversgemclub.wordpress.com/,Delvers Gem & Mineral Society,California
45,El Cajon,http://www.ecvgms.org/,El Cajon Valley Gem & Mineral Society,California
46,Placerville,http://www.eldoradomineralandgem.org/,El Dorado County Mineral and Gem Society,California
47,Buena Park,http://www.fgosc.com/,Faceters Guild of Southern California,California
48,Fallbrook,http://www.fgms.org/FGMS/Home.html,"Fallbrook Gem and Mineral Society, Inc.",California
49,Oroville,http://www.featherriverrocks.org/,Feather River Lapidary & Mineral Society,California
50,Yucca Valley,http://www.firstclassminers.org/,First Class Miners,California
51,North Highlands,https://www.facebook.com/The-Fossils-for-Fun-Society-994879667246272/,"Fossils for Fun Society, Inc.",California
52,Fresno,http://fgms.us/,Fresno Gem & Mineral Society,California
53,Placerville,https://goldcountrytreasureseekers.shutterfly.com/,Gold Country Treasure Seekers,California
54,Yucca Valley,http://www.hi-desertrockhounds.org/,Hi-Desert Rockhounds of Morongo Valley,California
55,Ridgecrest,http://indianwells.weebly.com/,Indian Wells Valley Gem & Mineral Society,California
56,Bakersfield,http://kerncountymineralsociety.org/,Kern County Mineral Society,California
57,Lemoore,https://www.facebook.com/Lemoore-Gem-and-Mineral-Club-706220872829687/,Lemoore Gem and Mineral Club,California
58,Livermore,http://www.lithophiles.com/,Livermore Valley Lithophiles,California
59,Lone Pine,http://lpgms.org/,Line Pine Gem & Mieral Society,California
60,Mariposa,http://mariposagmc.org/,Mariposa Gem & Mineral Club,California
61,Hayward,http://www.mgscv.org/,Mineral & Gem Society of Castro Valley,California
62,Pasadena,http://www.mineralsocal.org/,Mineralogical Society of Southern California,California
63,Barstow,http://www.mdgms.net/,Mojave Desert Gem & Mineral Society,California
64,Monrovia,http://www.moroks.com/,Monrovia Rock Hounds Inc.,California
65,Modesto,http://www.motherlodemineralsociety.com/,Mother Lode Mineral Society,California
66,Mohave Valley,http://needlesgemmineralclub.blogspot.com/,Needles Gem & Mineral Club,California
67,Grass Valley,http://www.ncgms.org/,Nevada County Gem & Mineral Society,California
68,Orinda,http://www.ncgeolsoc.org/,Northern California Geological Society,California
69,La Habra,http://www.nocgms.com/,North Orange County Gem & Mineral Society,California
70,San Bernardino,http://obmsrocks.yolasite.com/,Orange Belt Mineralogical Society,California
71,Santa Maria,http://www.omsinc.org/,Orcutt Mineral Society,California
72,Oxnard,http://oxnardgem.com/home/,Oxnard Gem & Mineral Society,California
73,Palmdale,https://www.facebook.com/palmdalegemandmineralclub/,Palmdale Gem & Mineral Club,California
74,Escondido,http://palomargem.org/,Palomar Gem & Mineral Club,California
75,Rolling Hills Estates,http://www.palos-verdes-gem-and-mineral-society.org/,Palos Verdes Gem & Mineral Society,California
76,Paradise,http://www.paradisegem.org/,Paradise Gem & Mineral Club,California
77,Pasadena,http://www.pasadenalapidarysociety.org/,Pasadena Lapidary Society,California
78,Los Altos,http://pggs.org/,"Peninsula Gem & Geology Society, Inc.",California
79,Roseville,http://www.rockrollers.com/,Roseville Rock Rollers,California
80,Brea,http://www.route66goldminers.org/,Route 66 Gold Miners Inc,California
81,Sacramento,http://www.sacramentomineralsociety.org/,Sacramento Mineral Society,California
82,North Highlands,http://www.sacramentovalleydetectingbuffs.com/,Sacramento Valley Detecting Buffs,California
83,Salinas,https://salinasrockandgem.pagecloud.com/,Salinas Valley Rock and Gem Club,California
84,San Diego,http://www.sdmg.org/,San Diego Gem and Mineral Society,California
85,San Diego,http://sandiegolapidarysociety.org/,San Diego Lapidary Society,California
86,San Francisco,http://www.sfgms.org/,"San Francisco Gem and Mineral Society, Inc.",California
87,Bakersfield,http://sjvls.blogspot.com/,San Joaquin Valley Lapidary Society,California
88,San Luis Obispo,http://www.slogem.org/,San Luis Obispo Gem & Mineral Club,California
89,Santa Ana,http://www.sarmclub.org/,"Santa Ana Rock & Mineral Club, Inc.",California
90,San Jose,http://www.scvgms.org/,Santa Clara Valley Gem & Mineral Society,California
91,Santa Cruz,https://www.facebook.com/scmgs/,Santa Cruz Mineral and Gem Society,California
92,Paso Robles,http://www.slrockhounds.org/,Santa Lucia Rockhounds,California
93,Santa Rosa,http://www.srmgs.org/,"Santa Rosa Mineral And Gem Society, Inc.",California
94,Anaheim,https://www.searchersrocks.org/,Searchers Gem and Mineral Society,California
95,Trona,http://www1.iwvisp.com/tronagemclub/,"Searles Lake Gem and Mineral Society, Inc.",California
96,Redwood City,http://www.sequoiagemandmineralsociety.org/,Sequoia Gem and Mineral Society,California
97,Palm Springs,http://www.shadowmountaingemmineral.org/,Shadow Mountain Gem & Mineral Society,California
98,Redding,http://www.shastagemandmineral.com/,Shasta Gem & Mineral Society,California
99,Newhall,http://www.sierrapelona.com/,Sierra Pelona Rock Club,California
100,Torrance,https://southbaylapidaryandmineralsociety.com/,South Bay Lapidary & Mineral Society,California
101,San Clemente,https://www.facebook.com/South-Orange-County-Gem-Mineral-Society-255366124502612/,South Orange County Gem & Mineral Society,California
102,Los Angeles,http://socalpaleo.com/,Southern California Paleontological Society,California
103,Stockton,http://www.stocktonlapidary.com/,Stockton Lapidary & Mineral Club,California
104,Marysville,https://sutterbuttesgemmin.org/,Sutter Buttes Gem & Mineral Society,California
105,Tehachapi,http://www.tvgms.org/,Tehachapi Valley Gem & Mineral Society,California
106,Farmersville,http://www.tulegem.com/,Tule Gem and Mineral Society,California
107,Vallejo,http://www.vjgems.org/,Vallejo Gem & Mineral Society,California
108,San Bernardino,https://www.valleyprospectors.com/,"Valley Prospectors, Inc.",California
109,Ventura,http://vgms.org/,"Ventura Gem & Mineral Society, Inc",California
110,Victorville,http://www.vvgmc.org/,Victor Valley Gem and Mineral Club,California
111,Vista,http://www.vistarocks.org/,Vista Gem & Mineral Society,California
112,Garden Grove,http://westcoasters.org/,West Coast Prospectors & Treasure Hunters Association,California
113,Norco,http://www.wepcgold.com,West End Prospectors Corporation,California
114,Whittier,http://wgmsca.com/index.html,"Whittier Gem and Mineral Society, Inc.",California
115,San Fernando Valley,http://www.rockchippers.org/,"Woodland Hills Rock Chippers, Inc.",California
116,Yucaipa,http://www.yvgms.org/wiki/,Yucaipa Valley Gem & Mineral Society,California
117,Canon City,http://www.canoncitygeologyclub.com/,Canon City Geology Club,Colorado
118,Frisco,http://coloradogoldcamp.com/,Colorado Gold Camp,Colorado
119,Lakewood,http://www.coloradomineralsociety.org/,Colorado Mineral Society,Colorado
120,Alamosa,http://www.coloradoprospector.com/,Colorado Prospector,Colorado
121,Colorado Springs,http://www.csms1936.com/,Colorado Springs Mineral Society,Colorado
122,Salida,http://rockaholics.org/,Columbine Gem and Mineral Society,Colorado
123,Denver,http://denvergem.org/index.html,Denver Gem and Mineral Guild,Colorado
124,Boulder,http://flatironsmineralclub.org/,Flatirons Mineral Club,Colorado
125,Fort Collins,http://www.fortcollinsrockhounds.org/,Fort Collins Rockhounds,Colorado
126,Durango,http://www.durangorocks.org/,Four Corners Gem & Mineral Club,Colorado
127,Denver,http://friendsofmineralogycolorado.org/,Friends of Mineralogy - Colorado Chapter ,Colorado
128,Grand Junction,http://www.grandjunctionrockclub.org/,Grand Junction Gem & Mineral Club,Colorado
129,Lake George,http://www.lggmclub.org/,Lake George Gem & Mineral club,Colorado
130,Littleton,http://littletongemandmineralclub.com/,"Littleton Gem and Mineral Club, Inc.",Colorado
131,Arvada,http://www.milehirams.com/,Mile High Rock and Mineral Society,Colorado
132,Arvada,http://www.peaktopeak.com/njeffco/index.php,North Jeffco Gem & Mineral Club,Colorado
133,Pueblo,http://www.pueblorockhounds.org/,Pueblo Rockhounds,Colorado
134,Denver,http://www.westernpaleo.org/,Western Interior Paleontological Society,Colorado
135,Bristol,http://bristolgem.org/,Bristol Gem & Mineral Club,Connecticut
136,Danbury,http://danburymineralogicalsociety.weebly.com/,Danbury Mineralogical Society,Connecticut
137,Meriden,http://www.lmscc.org/,Lapidary and Mineral Society of Central Connecticut,Connecticut
138,New Haven,http://www.newhavenmineralclub.org/,New Haven Mineral Club,Connecticut
139,Stamford,http://www.stamfordmineralsociety.org/,Stamford Mineralogical Society,Connecticut
140,Wilmington,http://www.delminsociety.net/,"Delaware Mineralogical Society, Inc.",Delaware
141,Melbourne,http://www.canaveral-mgs.com/,Canaveral Mineral & Gem Society,Florida
142,Merritt Island,http://www.centralbrevardgems.org/,Central Brevard Rock and Gem Club,Florida
143,Winter Park,http://www.cfmgs.org/,Central Florida Mineral and Gem Society,Florida
144,Orlando,http://floridafossilhunters.com/,Florida Fossil Hunters,Florida
145,Hollywood,http://fgcgms.com/main/,Florida Gold Coast Gem & Mineral Society,Florida
146,Ft. Myers,http://www.fcolc.com/,Fossil Club of Lee County,Florida
147,Gainesville,http://gainesvillegms.weebly.com/,Gainesville Gem & Mineral Society,Florida
148,West Palm Beach,http://www.gemandmineralsociety.org/,Gem and Mineral Society of the Palm Beaches,Florida
149,Lakeland,http://www.bonevalley.net/,"Imperial Bone Valley Gem, Mineral, & Fossil Society",Florida
150,Jacksonville,http://www.jaxgemandmineral.org/,"Jacksonville Gem and Mineral Society, Inc.",Florida
151,Miami,http://www.mmlg-inc.org/,"Miami Mineralogical and Lapidary Guild, Inc.",Florida
152,Ft. Walton Beach,http://playgroundgem.org/,Playground Gem and Mineral Society,Florida
153,Punta Gorda,http://www.southwestfloridafossilsociety.org/,Southwest Florida Fossil Society,Florida
154,Port St Lucie,http://www.slcrockandgem.org/,St Lucie County Rock and Gem Club,Florida
155,St Petersburg,http://sgams.com/,Suncoast Gem and Mineral Society,Florida
156,Palm Harbor,http://www.tampabayfossilclub.com/,Tampa Bay Fossil Club,Florida
157,Tampa,http://www.tampabayrockclub.com/,"Tampa Bay Mineral & Science Club, Inc.",Florida
158,The Villages,http://www.thevillagesgemandmineralsociety.com/,The Villages Gem and Mineral Society,Florida
159,Palm Coast,http://www.tomokafacetersguild.org/index.html,Tomoka Faceters Guild,Florida
160,Spring Hill,http://www.withlacoocheerockhounds.com/,Withlacoochee Rockhounds,Florida
161,Athens,http://www.athensrockandgemclub.org/,Athens Rock and Gem Club,Georgia
162,Augusta,http://agams.club/,Augusta Gem & Mineral Society,Georgia
163,Marietta,https://www.ccgms.org/,Cobb County Gem and Mineral Society,Georgia
164,Norcross,http://www.gamineral.org/,"Georgia Mineral Society, Inc.",Georgia
165,Macon,http://midgagmsorg.ipage.com/,Mid-Georgia Gem and Mineral Society,Georgia
166,Rome,https://rogams.wordpress.com/,Rome Georgia Mineral Society Inc.,Georgia
167,Honolulu,http://pohakugalore.net/Hui_pohaku/Hiu_pohaku_1.html,"Hui Pohaku 'O Hawai'i Rock & Mineral Society of Hawai'i, Inc.",Hawaii
168,Lewiston,http://www.hellscanyongemclub.com/,"Hells Canyon Gem Club, Inc.",Idaho
169,Idaho Falls,http://ifgemmineral.weebly.com/,Idaho Falls Gem & Mineral Society,Idaho
170,Boise,http://www.idahogemclub.com/,"Idaho Gem Club, Inc.",Idaho
171,Twin Falls,http://magicvalleygemclub.org/,Magic Valley Gem Club,Idaho
172,Coeur d'Alene,http://www.northidahomineralclub.com/,North Idaho Mineral Club,Idaho
173,Caldwell,http://www.owyheerocks.com/,Owyhee Gem & Mineral Society,Idaho
174,Oldtown,https://pendoreillerockandgemclub.wordpress.com/,Pend Oreille Rock and Gem Club,Idaho
175,Boise,https://www.facebook.com/SEIGMS,Southeast Idaho Gem and Mineral Society,Idaho
176,Rock Island,http://www.blackhawkgemandmineralclub.com/,Black Hawk Gem & Mineral Club,Illinois
177,Decatur,http://rmkapta.wixsite.com/cigmc,Central Illinois Gem & Mineral Club,Illinois
178,Skokie,http://www.chicagorocks.org/,Chicago Rocks & Minerals Society,Illinois
179,Elgin,http://elginrockclub.org/,Elgin Rock Club,Illinois
180,Macomb,http://www.geodeland.com/,"Geodeland Earth Science Clubs, Inc.",Illinois
181,Springfield,http://www.loess.org/,Lincoln Orbit Earth Science Society,Illinois
182,Chicago,http://www.mhrsusa.com/,Midwest Historical Research Society,Illinois
183,Freeport,http://nwilrockclubfrpt.blogspot.com/,Northwest Illinois Rock Club,Illinois
184,Peoria,http://www.pasgeology.com/,Peoria Academy of Science Geology Section,Illinois
185,Benton,http://www.siesclub.org/,Southern Illinois Earth Science Club,Illinois
186,Macomb,http://www.rockchatter.com/,West Central Illinois Rock & Mineral Club,Illinois
187,Elmhurst,http://www.westsuburbanlapidaryclub.com/,West Suburban Lapidary Club,Illinois
188,Indianapolis,http://www.500earthsciencesclub.org/,500 Earth Sciences Club,Indiana
189,Nashville,http://browncountyrock.webs.com/,Brown County Rock and Mineral Club,Indiana
190,Crown Point,https://www.facebook.com/calumetrockclub,Calumet Gem & Mineral Society,Indiana
191,Evansville,http://evansvillelapidarysociety.tumblr.com/,Evansville Lapidary Society,Indiana
192,Richmond,http://eiggs.weebly.com/,"Eastern Indiana Gem & Geological Society, Inc.",Indiana
193,Bedford,http://www.lawrencecountyrockclub.org/,"Lawrence County Rock Club, Inc",Indiana
194,South Bend,http://www.michianagms.org/,"Michiana Gem & Mineral Society, Inc.",Indiana
195,Fort Wayne,http://3riversgem_mineral.tripod.com/,Three Rivers Gem & Mineral Society,Indiana
196,Cedar Rapids,http://www.cedarvalleyrockclub.org/,Cedar Valley Rocks and Minerals Society,Iowa
197,Des Moines,http://dmlapidary.org/,Des Moines Lapidary Society,Iowa
198,Mount Vernon,http://orgs.cornellcollege.edu/geo_club/,Geology Club @ Cornell College,Iowa
199,Ames,https://www.facebook.com/ISUGEOCLUB/,Iowa State University Geology Club,Iowa
200,Fort Dodge,http://amfed.org/mwf/states/Iowa/RiverValley.html,River Valley Rockhounds,Iowa
201,Fairfield,http://members.iowatelecom.net/billrath/rock_club.html,The Sac & Fox Lapidary Club,Iowa
202,Kansas City,http://olathegemclub.com/,Olathe Gem and Mineral Society,Kansas
203,Topeka,http://www.topekagms.org/,Topeka Gem & Mineral Society,Kansas
204,Wichita,http://www.wgmsks.org/,Wichita Gem and Mineral Society,Kansas
205,Wichita,http://www.reocities.com/CapeCanaveral/Hangar/4265/home.html,Wichita Paleontological Society,Kansas
206,Lexington,http://bggamc.homestead.com/,Blue Grass Gem & Mineral Club of Central Kentucky,Kentucky
207,Louisville,http://www.kyanageo.org/,KYANA Geological Society,Kentucky
208,Lexington,http://www.uky.edu/OtherOrgs/KPS/,Kentucky Paleontological Society,Kentucky
209,Shreveport,http://larockclub.com/,Ark-La-Tex Gem & Mineral Society,Louisiana
210,Baton Rouge,http://www.brgemandmineral.org/,Baton Rouge Gem & Mineral Society,Louisiana
211,Leesville,https://www.facebook.com/DeRidder-Gem-Mineral-Society-1123146734440993/,DeRidder Gem & Mineral Society,Louisiana
212,Winthrop,http://kennebec-rocksandminerals.com/,Kennebec Rocks and Minerals Club,Maine
213,Portland,http://mainemineralclub.org/,Maine Mineralogical & Geological Society,Maine
214,South Paris,http://ocmgassoc.blogspot.com/,Oxford County Mineral and Gem Association,Maine
215,Milford,http://penobscotminerallapidaryclub.com/index.html,Penobscot Mineral and Lapidary Club,Maine
216,Bowie,http://americanfossilfederation.org/Home.html,American Fossil Federation,Maryland
217,Baltimore,http://www.baltimoremineralsociety.org/,Baltimore Mineral Society,Maryland
218,Solomons,http://www.calvertmarinemuseum.com/209/Fossil-Club,Calvert Marine Museum Fossil Club,Maryland
219,Elkridge,https://www.meetup.com/rockhounds/,Central Maryland Rock and Mineral Collectors Exchange,Maryland
220,Baltimore,http://www.chesapeakegemandmineral.org/,Chesapeake Gem & Mineral Society,Maryland
221,Baltimore,http://www.gemcuttersguild.com/,"Gem Cutters Guild of Baltimore, Inc.",Maryland
222,Rockville,http://www.glmsmc.com/,"Gem, Lapidary, and Mineral Society of Montgomery County, MD., Inc.",Maryland
223,Bowie,http://www.ecphora.net/mgs/,Maryland Geological Society,Maryland
224,"Washington, DC",http://dcmicrominerals.org/,Micromineralogists of the National Capital Area,Maryland
225,Annapolis,http://www.patuxentlapidary.org/,Patuxent Lapidary Guild,Maryland
226,Clinton,http://www.smrmc.org/,Southern Maryland Rock and Mineral Club,Maryland
227,"Washington, DC",http://www.mineralogicalsocietyofdc.org/,The Mineralogical Society of the District of Columbia,Maryland
228,Boston,http://www.bostonmineralclub.org/,"Boston Mineral Club, Inc.",Massachusetts
229,Springfield,http://www.cvmineralclub.org/,Connecticut Valley Mineral Club,Massachusetts
230,Chemlsford,http://micromountersofnewengland.org/,Micromounters of New England,Massachusetts
231,Westford,http://www.americantowns.com/ma/westford/organization/nashoba_valley_mineralogical_society,Nashoba Valley Mineralogical Society,Massachusetts
232,South Hamilton,http://www.northshorerock.org/,North Shore Rock & Mineral Club of Massachusetts,Massachusetts
233,North Adams,http://nbmclub.webs.com/,Northern Berkshire Mineral Club,Massachusetts
234,Bridgewater,http://semmc.com/,Southeastern Massachusetts Mineral Club,Massachusetts
235,Worcester,http://worcestermineralclub.org/,Worcester Mineral Club,Massachusetts
236,Big Rapids,https://sites.google.com/site/bigrapidsrockgemmineralclub/,"Big Rapids Rock, Gem & Mineral Club",Michigan
237,Lansing,http://michrocks.org/,Central Michigan Lapidary and Mineral Society,Michigan
238,Dollar Bay,http://www.ccrmc.info/,Copper Country Rock and Mineral Club,Michigan
239,Flint,http://www.flintrockandgem.org/,Flint Rock and Gem Club,Michigan
240,Traverse City,http://tcrockhounds.com/,Grand Traverse Area Rock and Mineral Club,Michigan
241,Wyoming,http://www.indianmoundsrockclub.com/,Indian Mounds Rock & Mineral Club,Michigan
242,Ishpeming,http://www.ishpemingrocks.org/,Ishpeming Rock and Mineral Club,Michigan
243,Kalamazoo,http://kalamazoorockclub.org/,Kalamazoo Geological & Mineral Society,Michigan
244,Howell,http://www.livingstongemandmineralsociety.com/,Livingston Gem & Mineral Society,Michigan
245,Michigan Center,http://mgmsrockclub.com/,Michigan Gem & Mineral Society,Michigan
246,Bloomfield Hills,https://www.michmin.org/,Michigan Mineralogical Society,Michigan
247,Midland,http://www.midmichrockclub.com/?Page=1,Mid-Michigan Rock Club,Michigan
248,Grand Rapids,http://www.midwestfaceters.org/,Midwest Faceters' Guild,Michigan
249,Taylor,http://www.mmls.us/,Midwest Mineralological & Lapidary Society,Michigan
250,Roscommon,http://mikenaukclub.weebly.com/,Mikenauk Rock and Gem Club,Michigan
251,Mt. Clemens,http://mcgls.org/,Mount Clemens Gem & Lapidary Society,Michigan
252,Waterford,http://www.ocesc.com/,Oakland County Earth Science Club,Michigan
253,Livonia,https://roaminrockclub.weebly.com/,Roamin Club,Michigan
254,Morenci,http://statelinegms.com/,StateLine Gem & Mineral Society,Michigan
255,Holland,http://www.tulipcity.org/,"Tulip City Gem & Mineral Club, Inc.",Michigan
256,Minneapolis,http://www.amfed.org/mwf/states/Minnesota/AnokaGem.html,Anoka County Gem & Mineral Club,Minnesota
257,Brainerd,http://cuyunarockclub.org/wp/,"Cuyuna Rock, Gem and Mineral Society",Minnesota
258,Falcon Heights,http://minnesotamineralclub.org/,Minnesota Mineral Club,Minnesota
259,Mankato,http://www.mnvalleygemandmineralclub.com/,Minnesota Valley Gem & Mineral Club,Minnesota
260,Stillwater,http://stcroixrockhounds.org/,St Croix Rockhounds,Minnesota
261,Gulfport,http://www.gulfportgems.org/,"Harrison County Gem & Mineral Society, Inc.",Mississippi
262,Jackson,http://missgems.org/,Mississippi Gem & Mineral Society,Mississippi
263,Jackson,http://www.missgeo.com/,Mississippi Geological Society,Mississippi
264,Ocean Springs,http://www.mgcgms.org/,Mississippi Gulf Coast Gem and Mineral Society,Mississippi
265,Tupelo,http://www.nmgms.org/,North Mississippi Gem and Mineral Society,Mississippi
266,Columbia,http://www.cmrlc.org/,Central Missouri Rock and Lapidary Club,Missouri
267,Independence,http://www.igams.co/,Independence Gem & Mineral Society,Missouri
268,St. Joseph,http://www.movalleyrockclub.com/,Missouri Valley Gem & Mineral Society,Missouri
269,Lincoln,http://www.mozarkite.com/,"Mozarkite Society of Lincoln, Inc.",Missouri
270,Springfield,https://www.facebook.com/omgms.57,Ozark Mountain Gem & Mineral Society,Missouri
271,St. Louis,xxxxxhttp://rockhobby.stlearthsci.org/Home.aspxxxxxx,Rock Hobby Club of Greater Saint Louis,Missouri
272,St. Louis,http://rockwood.stlearthsci.org/,Rockwood Gem & Mineral Society,Missouri
273,St. Louis,http://www.stlrockclub.com/,St. Louis Mineral & Gem Society,Missouri
274,St. Peters,http://showme.stlearthsci.org/,"Show Me Gems & Minerals Club, Inc.",Missouri
275,Kansas City,https://showmerockhounds.com/,Show-Me Rockhounds Kansas City,Missouri
276,Billings,http://www.billingsgemclub.com/,"Billings Gem & Mineral Club, Inc.",Montana
277,Corvallis,http://www.ravalligemandmineralclub.org/,Bitterroot Gem & Mineral Society,Montana
278,Bozeman,http://bozemangemandmineralclub.com/,Bozeman Gem and Mineral Club,Montana
279,Missoula,https://www.facebook.com/HellgateMineralSociety/,Hellgate Mineral Society,Montana
280,Kalispell,http://www.kalispellrockhounds.org/,Kalispell Rockhound Club,Montana
281,Lincoln,https://www.lincolngemmineralclub.org/,"Lincoln Gem & Mineral Club, Inc.",Nebraska
282,Reno,http://cgpgold.org/,Comstock Gold Prospectors,Nevada
283,Carson City,http://greatbasingemandmineralclub.rocks/,Great Basin Gem & Mineral Club,Nevada
284,Carson City,https://highdesertrockers.wordpress.com/,High Desert Rockers,Nevada
285,Pahrump,http://nyegoldseekers.webs.com/,Nye Gold Seekers,Nevada
286,Reno,http://www.renorockhounds.com/,Reno Gem and Mineral Society,Nevada
287,Las Vegas,http://www.snvgms.org/,Southern Nevada Gem and Mineral Society,Nevada
288,Concord,http://www.capitalmineralclub.org/,Capital Mineral Club,New Hampshire
289,Keene,https://sites.google.com/site/keenemineralclub/home,Keene Mineral Club,New Hampshire
290,Conway,http://www.sacovalleygemandmineralclub.org/,Saco Valley Gem and Mineral Club,New Hampshire
291,Dover,https://www.senhmc.org/,Southeastern New Hampshire Mineral Club,New Hampshire
292,Cologne,http://www.capeatlanticrockhounds.com/,Cape Atlantic Rockhounds Inc.,New Jersey
293,Woodbury,http://www.dvess.org/,Delaware Valley Earth Science Society,New Jersey
294,Marlboro Township,https://fomnj.wordpress.com/,Friends of Mineralogy - New Jersey Chapter,New Jersey
295,Morristown,http://morrismuseum.org/mineral-society/,Morris Museum Mineralogical Society,New Jersey
296,Mountainside,http://www.njmin.org/,"New Jersey Mineralogical Society, Inc",New Jersey
297,Paterson,http://www.nojms.webs.com/,"North Jersey Mineralogical Society, Inc.",New Jersey
298,Albuquerque,http://www.agmc.info/,Albuquerque Gem & Mineral Club,New Mexico
299,Carlsbad,http://www.carlsbadgms.org/,Carlsbad Gem and Mineral Society,New Mexico
300,Deming,http://www.thedgms.com/,Deming Gem & Mineral Society,New Mexico
301,Silver City,http://rollingstonesgms.blogspot.com/,"Grant County Rolling Stones Gem & Mineral Society, Inc.",New Mexico
302,Los Alamos,http://pweb.netcom.com/~hoffmans/LAGS.html,Los Alamos Geological Society,New Mexico
303,Buffalo,http://www.bgsny.org/,"Buffalo Geological Society, Inc.",New York
304,Albany,http://capitaldistrictmineralclub.com/,Capital District Mineral Club,New York
305,Syracuse,http://www.gmss.us/,"Gem and Mineral Society of Syracuse, Inc.",New York
306,Bellmore,http://www.islandrockhounds.org/,Island Rockhounds Inc.,New York
307,Jamesport,http://www.limineralandgeology.com/LiMags/Home.html,Long Island Mineral & Geology Society,New York
308,Poughkeepsie,http://mhvgms.org/index.html,Mid-Hudson Valley Gem and Mineral Society Inc.,New York
309,Glen Cove,http://nassaumineralclub.org/,Nassau Mineral Club,New York
310,NYC,http://www.newyorkmineralogicalclub.org/,New York Mineralogical Club,New York
311,NYC,http://www.nyps.org/index.htm,New York Paleontological Society,New York
312,Middletown,http://www.orangecountymineralsocietynewyork.com/,Orange County Mineral Society,New York
313,Rochester,http://www.rasny.org/,Rochester Academy of Science,New York
314,Rochester,http://www.rochesterlapidary.org/,Rochester Lapiday Society,New York
315,Canton,http://stlawrencecountymineralclub.org/,St. Lawrence County Rock & Mineral Club,New York
316,Bay Shore,http://www.suffolkgem.com/,Suffolk Gem & Mineral Club,New York
317,Newark,http://www.wcgmc.org/,Wayne County Gem and Mineral Club,New York
318,Fayetteville,http://www.mercergarden.com/GemClub.html,Cape Fear Mineral & Gem Society,North Carolina
319,Hickory,http://www.cvgmc.com/,Catawba Valley Gem & Mineral Club,North Carolina
320,Chapel Hill,http://www.centralncmineralclub.org/,Central North Carolina Mineral Club,North Carolina
321,Charlotte,http://www.charlottegem.com/,Charlotte Gem & Mineral Club,North Carolina
322,Winston-Salem,http://www.forsythgemclub.com/fgmcmain.html,Forsyth Gem and Mineral Club,North Carolina
323,Gastonia,http://gastongemclub.weebly.com/,"Gaston Gem, Mineral and Faceters Club",North Carolina
324,Franklin,http://www.fgmm.org/,Gem & Mineral Society of Franklin,North Carolina
325,Greensboro,http://www.ggmc-rockhounds.com/,Greensboro Gem & Mineral Club,North Carolina
326,Hendersonville,http://hcgms.com/index.html,Henderson County Gem and Mineral Society,North Carolina
327,Asheville,http://www.wncrocks.com/magma/magma.html,Mountain Area Gem and Mineral Association (MAGMA),North Carolina
328,Raleigh,http://www.ncfossilclub.org/,North Carolina Fossil Club,North Carolina
329,Asheville,http://www.main.nc.us/sams/,Southern Appalachian Mineral Society,North Carolina
330,Raleigh,http://www.tarheelclub.org/,Tar Heel Gem & Mineral Club,North Carolina
331,Bismarck,https://ndrockclub.org/,Central Dakota Gem & Mineral Society,North Dakota
332,Troy,http://www.bruknergemandmineralclub.com/,Brukner Gem and Mineral Club,Ohio
333,Cincinnati,http://mineralsociety.org/,Cincinnati Mineral Society,Ohio
334,Columbus,http://www.columbusrockandmineralsociety.org/,Columbus Rock and Mineral Society,Ohio
335,Kettering,https://www.facebook.com/The-Dayton-Gem-Mineral-Society-140478502678195/,Dayton Gem & Mineral Society,Ohio
336,Cincinnati,http://drydredgers.org/,Dry Dredgers,Ohio
337,Loveland,http://cincinnatilapidary.weebly.com/,Greater Cincinati Lapidary and Faceting Society,Ohio
338,Cleveland,http://ncfclub.org/,North Coast Fossil Club,Ohio
339,Worthington,https://ohiogeosoc.org/,Ohio Geological Society,Ohio
340,Cleveland,http://www.parmalapidary.com/,Parma Lapidary Club,Ohio
341,Mansfield,http://rlls.webs.com/,Richland Lithic & Lapidary Society,Ohio
342,Cuyahoga Falls,http://lapidaryclubofohio.org/,Summit Lapidary Club,Ohio
343,Toledo,http://rockyreader.com/,Toledo Gem & Rockhound Club,Ohio
344,Ada,http://www.freewebs.com/agmfc/,"Ada Gem, Mineral and Fossil Club",Oklahoma
345,Enid,http://www.enidgemandmineral.org/,Enid Gem & Mineral Society,Oklahoma
346,Oklahoma City,http://omgs-minerals.org/,Oklahoma Mineral and Gem Society,Oklahoma
347,Shawnee,https://www.facebook.com/Shawnee-Gem-and-Mineral-Society-524175917629452/,Shawnee Gem and Mineral Society,Oklahoma
348,Tulsa,http://www.ttownrockhound.org/,Tulsa Rock and Mineral Society,Oklahoma
349,Tahlequah,http://tramsok.webs.com/,Tahlequah Rock and Mineral Society,Oklahoma
350,Redmond,https://corockcollectors.com/,Central Oregon Rock Collectors,Oregon
351,Oregon City,http://www.clackamettegem.org/,Clackamette Mineral and Gem Club,Oregon
352,Portland/West Linn,http://facetersguild.com/,Columbia-Willamette Faceters' Guild,Oregon
353,North Bend,http://www.farwestlapidary.org/,FarWest Lapidary & Gem Society,Oregon
354,Hermiston,http://jall23.wixsite.com/hatrockhounds,Hatrockhounds Gem and Mineral Society,Oregon
355,Portland,http://www.millenniumdiggers.com/,Millennium Diggers Club,Oregon
356,Gresham,https://mthoodrockclub.wordpress.com/,Mt Hood Rock Club,Oregon
357,Hillsboro,http://narg-online.com/,North American Research Group,Oregon
358,Portland,http://www.oregonagate.org/,"Oregon Agate & Mineral Society, Inc.",Oregon
359,Newport,http://www.coastagates.org/,Oregon Coast Agate Club,Oregon
360,Prineville,http://prineville.rocks/,Prineville Rockhound Pow-Wow Assoc.,Oregon
361,Klamath Falls,http://www.klamathrockclub.org/,Rock and Arrowhead Club of Klamath Falls,Oregon
362,Springfield,http://thundereggrockclub.blogspot.com/,Springfield Thunderegg Rock Club,Oregon
363,Forest Grove,https://tvrgc.org/,Tualatin Valley Gem Club,Oregon
364,Salem,http://www.wamsi.net/,"Willamette Agate and Mineral Society, Inc.",Oregon
365,Harrisburg,http://www.rockandmineral.org/,"Central Pennsylvania Rock and Mineral Club, Inc.",Pennsylvania
366,Sayre,http://www.chehannarocks.com/,"Che-Hanna Rock and Mineral Club, Inc.",Pennsylvania
367,Philadelphia,https://sites.google.com/site/dvpspaleo/,Delaware Valley Paleontological Society,Pennsylvania
368,St. Peters,http://www.rasloto.com/FM/,Friends of Mineralogy - Pennsylvania Chapter,Pennsylvania
369,Erie,http://www.gemcityrockclub.org/,Gem City Rock and Mineral Society,Pennsylvania
370,Fairless Hills,http://leidymicroscopical.com/,Leidy Microscopical Society,Pennsylvania
371,Hanover,http://topgemz.com/,"Mason-Dixon Rock, Mineral, Gemological, & Lapidary Club",Pennsylvania
372,Moosic,http://msnepa.org/,Mineralogical Society of Northeastern Pennsylvania,Pennsylvania
373,Pittsburgh,http://www.monongahelarockhounds.org/,Monongahela Rockhounds,Pennsylvania
374,Stroudsburg,http://www.mdsysconsulting.com/MCESA/,Monroe County Earth Science Association,Pennsylvania
375,Mars,http://www.morainerockbusters.org/,Moraine Rockbusters,Pennsylvania
376,State College,http://www.nittanymineral.org/,Nittany Mineralogical Society,Pennsylvania
377,Whitehall,http://www.mineralfest.com/,Pennsylvania Earth Sciences Association,Pennsylvania
378,Philadelphia,http://www.phillyrocks.org/,Philadelphia Mineralogical Society,Pennsylvania
379,Pittsburgh,http://www.pittsburghgeologicalsociety.org/index.html,Pittsburgh Geological Society,Pennsylvania
380,Brookhaven,http://www.lapidary.org/,Tuscarora Lapidary Society,Pennsylvania
381,Warwick,http://rimh.us/,"Rhode Island Mineral Hunters, Inc.",Rhode Island
382,Aiken,http://www.aikengmfs.org/,Aiken Gem and Mineral Society,South Carolina
383,Columbia,http://www.cgams.org/,Columbia Gem & Mineral Society,South Carolina
384,North Charleston,http://lowcountrygemandmineralsociety.org/,Lowcountry Gem and Mineral Society,South Carolina
385,Central,http://www.woodsmere.com/pdgms/,Pendleton District Gem and Mineral Society,South Carolina
386,Greenville,http://www.wescagem.org/,Western South Carolina Gem and Mineral Society,South Carolina
387,Sioux Falls,http://www.segams.org/,Sioux Empire Gem and Mineral Society,South Dakota
388,Rapid City,http://www.wdgms.org/,Western Dakota Gem & Mineral Society,South Dakota
389,Knoxville,http://www.knoxrocks.org/,Knoxville Gem & Mineral Society,Tennessee
390,Memphis,http://www.memphisgeology.org/,Memphis Archaeological & Geological Society,Tennessee
391,Nashville,http://www.rockhound.org/,Middle Tennessee Rockhounds,Tennessee
392,"Murfreesboro, Donelson, Tullahoma",http://www.mtgms.org/,Mid-Tennessee Gem and Mineral Society,Tennessee
393,Arlington,http://www.agemclub.org/,Arlington Gem and Mineral Club,Texas
394,Austin,http://www.austingemandmineral.org/index.html,Austin Gem and Mineral Society,Texas
395,Abilene,http://rockclub.txol.net/,Central Texas Gem & Mineral Society,Texas
396,Alpine,http://www.cdgmc.org/,Chihuahuan Desert Gem and Mineral Club,Texas
397,Houston,http://www.clgms.org/,Clear Lake Gem and Mineral Society,Texas
398,Fort Worth,http://cera-fw.org/gem-mineral-glass/,"Cowtown Gem, Mineral & Glass Society",Texas
399,Dallas,http://www.dallasgemandmineral.org/,Dallas Gem and Mineral Society,Texas
400,Dallas,https://dps.wildapricot.org/,Dallas Paleontological Society,Texas
401,Tyler,http://www.etgms.com/,East Texas Gem and Mineral Society,Texas
402,El Paso,http://www.epmgs.com/,"El Paso Mineral and Gem Society, Inc.",Texas
403,Fort Worth,http://www.fortworthgemandmineralclub.org/,Fort Worth Gem and Mineral Club,Texas
404,Fredericksburg,http://fredericksburgrockhounds.org/,Fredericksburg Rockhounds,Texas
405,San Antonio,http://www.geosa.org/,Geological Society of San Antonio,Texas
406,Amarillo,http://www.amarillotreasure.com/,"Golden Spread Gem, Mineral and Treasure Society",Texas
407,Corpus Christi,http://www.gcgms.org/,Gulf Coast Gem & Mineral Society,Texas
408,Houston,http://www.hgms.org/,Houston Gem and Mineral Society,Texas
409,Lubbock,http://www.lubbockgemandmineral.org/,Lubbock Gem and Mineral Society,Texas
410,Midland,https://www.facebook.com/midlandgemandmineral/,"Midland Gem and Mineral Society, Inc.",Texas
411,Dallas,http://www.ocgemandmineral.com/,Oak Cliff Gem and Mineral Society,Texas
412,Austin,http://www.austinpaleo.org/,Paleontological Society of Austin,Texas
413,Jasper,http://www.pinecountry-gms.org/,Pine Country Gem & Mineral Society,Texas
414,Huntsville,http://www.pwgms.org/,Piney Woods Gem & Mineral Society,Texas
415,Dallas,http://www.pogmc.org/,Pleasant Oaks Gem & Mineral Club,Texas
416,Rollin' Rock Club Of Texas And Any Other State Or Country Of The World and Outer Space,https://sites.google.com/site/rollinrockclub/,"Rollin' Rock Club, Inc.",Texas
417,San Antonio,http://www.stgs.org/,South Texas Geological Society,Texas
418,San Antonio,http://www.swgemandmineral.org/,Southwest Gem and Mineral Society,Texas
419,Houston,http://texasfacetersguild.org/,Texas Faceters Guild,Texas
420,Temple,https://www.facebook.com/midlandgemandmineral/,"Tri-City Gem and Mineral Society, Inc.",Texas
421,Waco,http://www.wacogemandmineral.org/,Waco Gem and Mineral Club,Texas
422,Georgetown,http://www.wcgms.org/,Williamson County Gem and Mineral Society,Texas
423,Decatur,http://wisecofossilrockandmineralsoc.weebly.com/,"Wise County Fossil, Rock and Mineral Society",Texas
424,Ogden,http://www.beehiverockandgem.com/,Beehive Rock and Gem Club,Utah
425,Smithfield,http://cacherockgemclub.weebly.com/,Cache Rock and Gem Club,Utah
426,Ogden,http://goldenspikegem.org/,Golden Spike Gem & Mineral Society,Utah
427,Salt Lake City,http://m-c-u.org/,Mineral Collectors of Utah,Utah
428,Moab,https://www.facebook.com/Moab-Rock-Club-1508131859497762/,Moab Rock Club,Utah
429,Sandy,http://www.rockhoundersock.com/,Rockhounders Outreach for Community Knowledge,Utah
430,Provo,http://timprocks.weebly.com/,Timpanogos Gem & Mineral Society,Utah
431,Tooele,https://www.facebook.com/Tooele-Gem-Mineral-Society-1742342656045404/,Tooele Gem & Mineral Society,Utah
432,Salt Lake City,http://www.wasatchgemsociety.com/,Wasatch Gem Society,Utah
433,Burlington,http://www.burlingtongemandmineralclub.org/,Burlington Gem and Mineral Club,Vermont
434,Rutland,http://www.rutlandrockmineralclub.50webs.com/,Rutland Rock & Mineral Club,Vermont
435,Manassas,http://www.gmhonline.org/,"Gem and Mineral Hunters, Inc.",Virginia
436,Lynchburg,http://www.lynchburgrockclub.org/,Gem and Mineral Society of Lynchburg,Virginia
437,Hampton,http://www.gmsvp.org/,Gem and Mineral Society of the Virginia Peninsula,Virginia
438,Arlington,http://www.novamineralclub.org/,"Northern Virginia Mineral Club, Inc.",Virginia
439,Richmond,http://www.rgms-va.info/,Richmond Gem & Mineral Society,Virginia
440,Roanoke,https://www.facebook.com/RVMGS/,Roanoke Valley Mineral & Gem Society,Virginia
441,Waynesboro,http://www.shenandoahvalleyrockclub.org/,Shenandoah Valley Gem & Mineral Society,Virginia
442,Virginia Beach,http://tgms.weebly.com/,Tidewater Gem & Mineral Society,Virginia
443,Bellevue,http://www.bellevuerockclub.org/,"Bellevue Rock Club, Inc.",Washington
444,Kent,http://www.cascademineralogicalsociety.org/,Cascade Mineralogical Society Inc,Washington
445,Port Angeles,http://www.olympicrocks.com/,Clallam County Gem & Mineral Association,Washington
446,Darrington,https://www.facebook.com/DarringtonRGC/,Darrington Rock & Gem Club,Washington
447,Kirkland,http://www.eastkingco.org/,East KingCo Rock Club,Washington
448,Everett,http://www.everettrockclub.com/,Everett Rock & Gem Club,Washington
449,Wenatchee,http://wenatcheerockclub.org/,Ginkgo Mineral Society,Washington
450,Bremerton,http://www.kmgs.org/,Kitsap Mineral and Gem Societ,Washington
451,Kennewick,http://www.lakesidegemandmineralclub.com/,"Lakeside Gem & Mineral Club, Inc.",Washington
452,Edmonds,http://www.maplewoodrockclub.com/,Maplewood Rock & Gem Community Club,Washington
453,Walla Walla,https://www.sites.google.com/site/mwgemandmineral/,Marcus Whitman Gem and Mineral Society,Washington
454,Marysville,https://sites.google.com/site/marysvillerockngemclub/,"Marysville Rock & Gem Club, Inc.",Washington
455,Bellingham,http://mtbakerrockclub.org/,Mount Baker Rock And Gem Club,Washington
456,Kent,http://www.namaminers.org/,North American Miners Association,Washington
457,Mount Vernon,http://www.facetguild.com/,North Puget Sound Facetors Guild,Washington
458,Puget Sound,http://nwpaleo.org/,Northwest Paleontological Association,Washington
459,Arden,http://panoramagem.com/,Panorama Gem & Mineral Club,Washington
460,Puyallup,https://www.facebook.com/PuyallupValleyGemClub,Puyallup Valley Gem & Mineral Club,Washington
461,Mt. Vernon,https://www.skagitrockandgem.com/,Skagit Rock and Gem Club,Washington
462,Spokane Valley,http://www.rockrollers.org/WP/,Spokane Rock Rollers Club,Washington
463,Seattle,http://www.northseattlerockclub.org,North Seattle Lapidary & Mineral Club,Washington
464,Olympia,https://wamsolympia.wordpress.com,Washington Agate and Mineral Society,Washington
465,Seattle,http://www.westseattlerockclub.org/,West Seattle Rock Club,Washington
466,Yakima,http://www.yakimarockclub.com/,Yakima Rock & Mineral Club,Washington
467,Charleston,http://www.kanawharockandgemclub.org/,Kanawha Rock and Gem Club,West Virginia
468,Morgantown,http://prehistoricplanet.com/wv/,Prehistoric West Virginia,West Virginia
469,Clarksburg,http://www.westvirginiafossilclub.com/,West Virginia Fossil Club Inc,West Virginia
470,Monroe,http://www.badgerrockclub.org/,"Badger Lapidary & Geological Society, Inc.",Wisconsin
471,La Crosse,https://www.facebook.com/pages/The-Coulee-Rock-Club/182345351787782,Coulee Rock Club of La Crosse,Wisconsin
472,Marshfield & Stevens Point,https://www.heartofwisconsinrocks.com/,Heart of Wisconsin Gem & Mineral Society,Wisconsin
473,Pewaukee,http://www.kmgsrocks.com/,Kettle Moraine Geological Society,Wisconsin
474,Minocqua,http://www.lakelandgemclub.com/,Lakeland Gem Club,Wisconsin
475,Madison,http://www.madisonrockclub.org/,Madison Gem and Mineral Club,Wisconsin
476,Cameron,http://www.cameronamericanlegion.org/rockclub.html,Northwest Wisconsin Gem & Mineral Society,Wisconsin
477,Oshkosh,https://sites.google.com/site/oshkoshearthscienceclub/home,Oshkosh Earth Science Club,Wisconsin
478,Racine,http://rgs-wi.tripod.com/,"Racine Geological Society, Inc",Wisconsin
479,Menasha,http://www.weismuseum.org/geology-club.html,Weis'n'Miners Geology Club,Wisconsin
480,West Allis,http://www.wisgeologicalsociety.com/,Wisconsin Geological Society,Wisconsin
481,Cody,http://www.cody59ers.com/,Cody 59ers Rock Club,Wyoming
482,Riverton,http://www.rivertonmgs.com/,Riverton Mineral and Gem Society,Wyoming
483,Cody,http://wymineralandgemsociety.org,Wyoming State Mineral and Gem Society,Wyoming
